Name,Price (EUR),Link
Topshop Gaia oversized suedette folded clutch bag with hardware in olive,39.99,https://www.asos.com/prd/210730308
ASOS DESIGN velvet touch oversized frame clutch bag in cream,34.99,https://www.asos.com/prd/209941398
ASOS DESIGN bermuda longer cargo short in khaki,35.99,https://www.asos.com/prd/210459552
ASOS DESIGN brushed oversized premium alpaca v neck jumper in blue,52.24,https://www.asos.com/prd/208639077
ASOS DESIGN satin funnel neck bomber in floral,69.99,https://www.asos.com/prd/211449628
ASOS DESIGN Helix premium heeled toe thongs in hair on real leather in cow print,59.99,https://www.asos.com/prd/210343676
Topshop organza drape detail midi skirt in mink,49.99,https://www.asos.com/prd/211105775
Topshop co-ord organza column maxi skirt in rust,39.99,https://www.asos.com/prd/211045033
ASOS DESIGN tailored wide leg satin trousers with deep pleat waistband in cream,41.99,https://www.asos.com/prd/209662790
Topshop knitted ruffle hem pointelle midi skirt with wool in green,47.99,https://www.asos.com/prd/211124933
Topshop sheer panelled asymmetrical maxi skirt in green and brown spot,59.99,https://www.asos.com/prd/210473331
SEQWL Capri heeled thong sandal in suedette taupe,31.99,https://www.asos.com/prd/210497223
Topshop knitted hairy high v neck wool stripe jumper in neutral multi,61.99,https://www.asos.com/prd/210794893
Topshop knitted clean premium lambswool v neck jumper in yellow,89.99,https://www.asos.com/prd/208986110
ARRANGE Curve chunky rib knitted off shoulder jumper in brown,94.99,https://www.asos.com/prd/210660765
ARRANGE hybrid textured raglan tee in ivory,15.00,https://www.asos.com/prd/208556298
Topshop twill wrap tie detail maxi skirt in cow print,59.99,https://www.asos.com/prd/211105820
Topshop Nancy toe thong mid heel sandal in black,49.99,https://www.asos.com/prd/210579180
ASOS DESIGN Fitz toe thong sandals in black,19.99,https://www.asos.com/prd/209940481
River Island wide leg satin trousers in khaki,20.99,https://www.asos.com/prd/211023910
Vila super soft fluffy knit cardigan in green,16.99,https://www.asos.com/prd/209423938
Topshop high waisted satin cuffed balloon pant in brown,35.99,https://www.asos.com/prd/209630621
ASOS DESIGN satin cami bias double layer lace applique maxi dress in black,33.99,https://www.asos.com/prd/210337496
Topshop Asher kitten heel court in red hair on real leather,64.99,https://www.asos.com/prd/211037644
Topshop premium basic short sleeve tee in white,14.99,https://www.asos.com/prd/209044333
Topshop knitted textured twist detail off shoulder maxi dress in brown animal print,17.99,https://www.asos.com/prd/210819019
Topshop longline techy puffer jacket in green sage,81.95,https://www.asos.com/prd/208656351
Topshop clean oversized deep cuff sweat in blue,12.99,https://www.asos.com/prd/208743148
Topshop colour block cami in yellow,21.99,https://www.asos.com/prd/211046190
Topshop scoop vest with contrast mesh tipping in black and blue,17.99,https://www.asos.com/prd/210784771
Topshop knitted wool blend fluffy ultimate jumper in green,31.79,https://www.asos.com/prd/208110478
Topshop rib scoop neck vest in green,12.99,https://www.asos.com/prd/210808880
Mango Capsule wool mix jumper in dark green,62.04,https://www.asos.com/prd/209540419
ASOS DESIGN knitted ruffle detail cardigan in ecru,37.99,https://www.asos.com/prd/211510366
ASOS DESIGN knitted ruffle detail cardigan in green and blue stripe,39.99,https://www.asos.com/prd/211509412
ASOS DESIGN barrel leg jean in zebra print co-ord,49.99,https://www.asos.com/prd/211469729
Steve Madden Asiel trainers in dark wine suede,149.99,https://www.asos.com/prd/210940174
ASOS DESIGN funnel neck zip through blouson mini dress in grey stripe,109.00,https://www.asos.com/prd/210518172
Topshop one shoulder cape detail tunic in black,49.99,https://www.asos.com/prd/209955437
ASOS DESIGN premium oversized asymmetric t-shirt with fringe detail in cream,34.99,https://www.asos.com/prd/211600726
JJXX tassle scarf in cobalt blue,17.99,https://www.asos.com/prd/211279173
Topshop faux leather cinched jacket in washed brown,99.99,https://www.asos.com/prd/209964359
Topshop long sleeve tie waist detail top in cobalt,39.99,https://www.asos.com/prd/211450811
Topshop organza collapsed funnel neck top in white with contrast binding,44.99,https://www.asos.com/prd/211358441
Topshop faux leather funnel neck drawstring bomber in burgundy,109.00,https://www.asos.com/prd/209965014
ASOS DESIGN velvet touch oversized frame clutch bag in blue,34.99,https://www.asos.com/prd/210714798
adidas Originals Ghostsprint ballet flat in beige,90.00,https://www.asos.com/prd/210214228
ASOS DESIGN Petite halter neck layered bubble satin mini dress in olive green,69.99,https://www.asos.com/prd/210619632
Topshop Sydney blanket scarf in blue,13.19,https://www.asos.com/prd/208750808
Topshop Sydney blanket scarf in beige,15.99,https://www.asos.com/prd/208942799
Topshop Lanzarote oval sunglasses in black,17.99,https://www.asos.com/prd/209726350
Topshop Sydney blanket scarf in chocolate and mint,19.99,https://www.asos.com/prd/209231024
Topshop Sydney blanket scarf in buttermilk,28.04,https://www.asos.com/prd/208750791
Topshop Sydney blanket scarf in green,28.04,https://www.asos.com/prd/208451911
Topshop Sara shaggy faux fur blanket scarf in black,49.99,https://www.asos.com/prd/208942756
Topshop Jemma small real leather tassel medium shoulder bag in green,56.99,https://www.asos.com/prd/210475517
Topshop Blythe knotted flat mule in zebra print hair on real leather,61.99,https://www.asos.com/prd/211050520
ASOS DESIGN powernet sculpting mesh stirrup leggings in black,29.99,https://www.asos.com/prd/211219935
Topshop layered contrast chiffon strappy cami in blue,44.99,https://www.asos.com/prd/210395585
ARRANGE jersey off shoulder wide sleeve top with ruched hem in white,69.99,https://www.asos.com/prd/208746389
Topshop cord style belt in cornflower blue,11.99,https://www.asos.com/prd/210663667
ASOS DESIGN hair on leather pillbox hat in brown zebra,54.99,https://www.asos.com/prd/211032172
ASOS DESIGN hair on leather mini flap top crossbody bag in zebra print,34.99,https://www.asos.com/prd/210831207
ASOS DESIGN hair on leather elongated pouch grab bag in zebra print,42.99,https://www.asos.com/prd/210831277
ASOS DESIGN Fate premium chunky toe thong in hair on real leather with tiger print,44.99,https://www.asos.com/prd/209880549
Topshop Poppy point toe ankle boot in chocolate hair on real leather,64.99,https://www.asos.com/prd/208850300
Topshop Avril hair on real leather kitten heel mid court shoe in black and white zebra,64.99,https://www.asos.com/prd/210815056
Topshop scoop neck sculpted t-shirt in slate,22.99,https://www.asos.com/prd/210537680
Topshop cape draped tee in white,44.99,https://www.asos.com/prd/210490832
Topshop knitted scarf cardigan with wool in dalmatian,59.99,https://www.asos.com/prd/210364558
Topshop knitted plaid ribbon jumper in Ivory,71.99,https://www.asos.com/prd/208472192
Topshop satin feel straight leg trouser in zebra print,59.99,https://www.asos.com/prd/211235219
ASOS DESIGN boxy cropped t-shirt in buttermilk,12.99,https://www.asos.com/prd/210879654
Topshop low rise satin trouser in green,15.89,https://www.asos.com/prd/209567476
Topshop knitted premium oversized embroidered jumper in black,67.05,https://www.asos.com/prd/208988654
ASOS DESIGN boxy crew neck cardigan with side split detail in duck egg blue,24.74,https://www.asos.com/prd/210016604
Topshop knitted fluffy relaxed fit brushed animal crew neck jumper in brown,56.99,https://www.asos.com/prd/210755203
Topshop satin feel wrap co-ord trouser with fringe detail in cream,64.99,https://www.asos.com/prd/211145655
Vila Freya high waist wide leg jeans in dark blue denim,65.99,https://www.asos.com/prd/209791983
ARRANGE Curve jersey off shoulder wide sleeve top with ruched hem in white,69.99,https://www.asos.com/prd/209132600
Vila Freya high waist wide leg jeans in white,65.99,https://www.asos.com/prd/209791943
Topshop knitted premium oversized embroidered jumper in ivory,64.50,https://www.asos.com/prd/209251947
ARRANGE soft knit rib longline racer bodysuit in cobalt blue,59.99,https://www.asos.com/prd/210364325
Topshop sporty piping half zip top co ord in burgundy,64.99,https://www.asos.com/prd/211117795
Good American super stretch baby t-shirt in white,69.00,https://www.asos.com/prd/208480638
Calvin Klein Jeans classic fit t-shirt with flocked logo in white,72.99,https://www.asos.com/prd/210567705
adidas Originals Stan Smith ballet flat in dark brown,100.00,https://www.asos.com/prd/210254663
ARRANGE Delphi drawcord utility trouser in washed khaki,102.99,https://www.asos.com/prd/209896240
Walk London Rhea Ballerina in cow print,94.99,https://www.asos.com/prd/209790379
Aldo Carrobreria loafer in white leather,174.99,https://www.asos.com/prd/209661913
ASOS DESIGN Tailored tapered trouser with popper hem detail in green,29.99,https://www.asos.com/prd/210544764
Topshop longline faux fur coat in cow,179.00,https://www.asos.com/prd/209963864
ASOS DESIGN satin scoop neck tank top in chocolate,15.39,https://www.asos.com/prd/209739352
Topshop knitted oversized twist yarn contrast collar polo in blue,50.99,https://www.asos.com/prd/208740573
Topshop knitted placement floral tassel jumper in chocolate,56.24,https://www.asos.com/prd/208740481
Vila balloon hem midi skirt in white and black polka dot print,60.99,https://www.asos.com/prd/210848137
Topshop satin tie waist wide leg trouser in chocolate,30.99,https://www.asos.com/prd/208813341
ASOS DESIGN embellished midi skirt with lace in turquoise,69.99,https://www.asos.com/prd/210787420
Topshop knitted chunky cinch waist twist cardigan in blue and chocolate,25.99,https://www.asos.com/prd/208995667
Monki satin wide leg tailored trousers in dark chocolate brown,39.99,https://www.asos.com/prd/209549053
Vero Moda short sleeve knitted jumper in brown and blue stripe,40.99,https://www.asos.com/prd/210980677
ASOS DESIGN cotton blend knitted scoop neck cami in light blue,15.99,https://www.asos.com/prd/210096933
ASOS DESIGN knitted jumper with exposed seams with wool in cream,33.99,https://www.asos.com/prd/209430556
Puma Speedcat satin trainers in beige,49.99,https://www.asos.com/prd/209767273
ASOS DESIGN Curve Tailored satin wide leg trouser in khaki,59.99,https://www.asos.com/prd/210722778
Topshop knitted asymmetric fringe jumper in gingerbread,64.99,https://www.asos.com/prd/210351605
ASOS DESIGN bubble short co-ord in cream stripe,29.99,https://www.asos.com/prd/210169087
ASOS DESIGN wide cuff shirt mini dress with bubble hem in pink stripe,49.99,https://www.asos.com/prd/210369068
ASOS DESIGN bubble hem mini shorts with tie detail in chocolate,29.99,https://www.asos.com/prd/210846556
Topshop satin bubble short in black,39.99,https://www.asos.com/prd/210673653
Vila satin maxi skirt in teal blue,49.99,https://www.asos.com/prd/209751853
Motel dudley sequin knit vest in aqua,37.99,https://www.asos.com/prd/210836585
Reclaimed Vintage maxi tea dress with lace inserts and pintucks in sage green,61.99,https://www.asos.com/prd/209762881
Topshop sheer lace maxi in teal,44.99,https://www.asos.com/prd/207678862
Reclaimed Vintage maxi tea dress with lace inserts in yellow,79.99,https://www.asos.com/prd/210429225
ASOS DESIGN Tailored tapered trouser with popper hem detail in teal,39.99,https://www.asos.com/prd/210545721
Topshop faux fur longline double breasted coat in teal,134.25,https://www.asos.com/prd/208656307
Mango satin cami mini dress with lace trim in pale blue,145.99,https://www.asos.com/prd/210695240
Topshop satin sleeveless asymmetric drape maxi dress in emerald green,89.99,https://www.asos.com/prd/210371021
Mango satin high neck sleeveless blouse in ivory,28.59,https://www.asos.com/prd/209581908
Topshop one shoulder top with drape back in blue,15.99,https://www.asos.com/prd/209849423
Lioness Bare satin scoop neck low back cami top in mocha,55.99,https://www.asos.com/prd/211037052
ASOS DESIGN sequin high neck maxi dress with open knot back in sage green,84.99,https://www.asos.com/prd/210483335
ASOS DESIGN satin racer cami in black,27.99,https://www.asos.com/prd/210072418
Topshop satin bubble short in blue check,25.99,https://www.asos.com/prd/210780862
Topshop funnel neck gathered waist tie detail top in brown stripe,47.99,https://www.asos.com/prd/210741809
Missyempire satin wide leg trousers co-ord in cream,72.99,https://www.asos.com/prd/210760374
ASOS DESIGN satin cowl neck fringe top in black,37.99,https://www.asos.com/prd/211246852
Topshop metallic knot midi skirt in silver,23.99,https://www.asos.com/prd/208353666
ASOS DESIGN satin wide leg belted trousers in olive,64.99,https://www.asos.com/prd/211499555
IYAL satin wide leg trouser co-ord in cream,49.99,https://www.asos.com/prd/210382812
ASOS DESIGN satin lace trim drawstring waist short in navy,34.31,https://www.asos.com/prd/210671543
adidas Originals satin wide leg disco track pants in navy and glitter,72.25,https://www.asos.com/prd/208945208
adidas Originals satin firebird track pants with lace hem in navy,69.99,https://www.asos.com/prd/210124254
ARRANGE satin wide leg trouser in cream,64.99,https://www.asos.com/prd/209574172
Pretty Lavish Curve satin wide leg tie waist trouser co-ord in oyster,54.99,https://www.asos.com/prd/209919298
ASOS DESIGN satin wide leg trousers with lace in black,44.99,https://www.asos.com/prd/210214765
Dolce Vita Beny square toe loafers in black leather,159.99,https://www.asos.com/prd/211298127
AllSaints Sabine leather woven ballet flats with gold buckle strap in silver,149.99,https://www.asos.com/prd/210788617
& Other Stories wool & cotton blend crew neck jumper in avocado,82.99,https://www.asos.com/prd/211257782
Dolce Vita Hilah square toe wedge mules in brown pony hair,179.99,https://www.asos.com/prd/211061061
Tony Bianco Juniper heeled mules in black anguille leather,185.00,https://www.asos.com/prd/211014826
Bronx Myr-aa lace up trainers in silver,159.95,https://www.asos.com/prd/210990580
& Other Stories drop waist satin mini dress with hanky hem in dusty blue,126.99,https://www.asos.com/prd/210727527
Topshop animal printed wool blend jacket,109.00,https://www.asos.com/prd/210421473
ASOS DESIGN Heartbreak premium knotted heeled toe thongs in chocolate suede,69.99,https://www.asos.com/prd/210354735
Topshop Fabio 3 pack bangles in silver,27.99,https://www.asos.com/prd/210467924
Topshop puff sleeve organza ruffle detail top in mink,52.99,https://www.asos.com/prd/210704111
Topshop premium fringe tie detail tee in stone,52.99,https://www.asos.com/prd/210930481
Topshop co-ord organza shirt in rust,49.99,https://www.asos.com/prd/211106036
ARRANGE asymmetric organza top with dart detail in white,109.00,https://www.asos.com/prd/210773333
Noughts & Kisses satin lace trim tie waist shorts in chocolate,65.99,https://www.asos.com/prd/210987398
Reclaimed Vintage satin boxer short with lace in khaki,34.99,https://www.asos.com/prd/211324898
ASOS DESIGN satin lace trim drawstring waist short in ochre,34.31,https://www.asos.com/prd/210671466
ASOS DESIGN longline trench in stone,44.99,https://www.asos.com/prd/208016948
Topshop faux leather high shine trench coat in washed brown,45.15,https://www.asos.com/prd/208417766
Topshop longline oversized funnel trench coat with contrast collar and buckle detail in beige,54.99,https://www.asos.com/prd/208746399
Gina Tricot rich cotton high neck trench coat in natural beige,99.99,https://www.asos.com/prd/211468528
ARRANGE two tone lapel double breasted trench coat in tan,258.99,https://www.asos.com/prd/208515307
ASOS DESIGN faux leather funnel neck jacket in chocolate brown,119.00,https://www.asos.com/prd/210194842
Gina Tricot button through jacket in cream,72.99,https://www.asos.com/prd/211270454
ASOS DESIGN Surprise hair on real leather pointed kitten heeled mules in red,52.99,https://www.asos.com/prd/210761308
Mango satin and lace knee length skirt in beige,52.99,https://www.asos.com/prd/210605996
Topshop knitted co-ord pencil midi skirt in blue,52.99,https://www.asos.com/prd/211227222
Never Fully Dressed Maeva satin mini skirt with lace trim hem in brown deer print,88.99,https://www.asos.com/prd/210268760
ASOS DESIGN cotton mandarin detail bomber jacket in pink,89.99,https://www.asos.com/prd/211369555
JW PEI Addisyn shoulder bag in deep brown,145.99,https://www.asos.com/prd/210262566
Topshop Blythe knotted flat mule in black textured,44.99,https://www.asos.com/prd/211050305
Topshop co ord modal jacket in ecru,89.99,https://www.asos.com/prd/210701401
Topshop denim two-toned cinch jacket in ecru and brown,94.99,https://www.asos.com/prd/210608967
ASOS DESIGN collarless formal jacket with frog closure trims in red,59.99,https://www.asos.com/prd/210735384
JW PEI Zora shoulder bag in black,160.00,https://www.asos.com/prd/210369536
Vila sheer lace wrap skirt in black,26.99,https://www.asos.com/prd/211433435
Kaiia exclusive faux leather oversized gold hardware detail waist belt in black,17.99,https://www.asos.com/prd/210899078
ASOS DESIGN suede cloud clutch bag in violet,42.99,https://www.asos.com/prd/209920021
Vero Moda 40 denier shaping tights in black,18.99,https://www.asos.com/prd/209165834
ASOS DESIGN 2 pack of 120 denier tights in black,14.99,https://www.asos.com/prd/208966753
ASOS DESIGN stirrup tights in black,12.99,https://www.asos.com/prd/211192163
Mango two layer midi skirt co-ord in brown and light blue,66.99,https://www.asos.com/prd/211355907
ASOS DESIGN Huddle padded toe thong heeled sandals in purple velvet,34.99,https://www.asos.com/prd/210761929
Topshop v-neck premium interlock tee in ecru,24.99,https://www.asos.com/prd/209349922
Topshop 'Club Med' graphic oversized t-shirt in white,37.99,https://www.asos.com/prd/211194739
Mango knitted v neck jumper in electric blue,52.99,https://www.asos.com/prd/211550193
Mango bomber jacket with mandarin buttons in charcoal,72.99,https://www.asos.com/prd/211550376
ASOS DESIGN cami playsuit with lace trims in burgundy,64.99,https://www.asos.com/prd/210554605
ASOS DESIGN tailored satin runner short in navy,32.99,https://www.asos.com/prd/210989306
Topshop Bella leather round toe ballet flat in black,61.99,https://www.asos.com/prd/210605683
ASOS DESIGN Lowell premium suede woven ballets in tan,52.99,https://www.asos.com/prd/210229571
ARRANGE fringe texture asymmetric maxi skirt in red,168.99,https://www.asos.com/prd/210464734
Topshop Roma waterproof stainless steel ring in gold,12.99,https://www.asos.com/prd/211048288
Topshop sheer maxi skirt in khaki,49.99,https://www.asos.com/prd/211105722
Weekday Logan wool blend oversized coat in dark brown melange,195.99,https://www.asos.com/prd/211044228
Never Fully Dressed Petite Maeva satin bias maxi skirt with lace detail in leopard print,133.99,https://www.asos.com/prd/210705353
ASOS DESIGN short sleeve top in white,29.99,https://www.asos.com/prd/211463222
ARRANGE Curve fringe texture asymmetric maxi skirt in red,168.99,https://www.asos.com/prd/210467784
ARRANGE oversized premium heavy weight t-shirt in blue,32.99,https://www.asos.com/prd/211281220
ARRANGE Curve tailored cinched waist blazer in taupe,188.99,https://www.asos.com/prd/210840056
ARRANGE Curve Wylder tailored high waist wide leg trouser in stone,108.99,https://www.asos.com/prd/210900290
ASOS DESIGN Liquorice lace up ballets in burgundy mesh,37.99,https://www.asos.com/prd/211215931
Weekday wool blend double breasted coat with funnel neck and shoulder pads in black,239.99,https://www.asos.com/prd/211085400
Weekday Logan wool blend oversized double breasted coat in black,195.99,https://www.asos.com/prd/211044160
ASOS LUXE structured bodice bubble hem dress,175.99,https://www.asos.com/prd/210593161
Gina Tricot crew neck knitted wool alpaca jumper in chocolate brown,39.99,https://www.asos.com/prd/211468488
ASOS DESIGN funnel neck belted hem 80s sport jacket in cream,119.00,https://www.asos.com/prd/211316261
COLLUSION XL baggy Jogger in buttermilk,31.99,https://www.asos.com/prd/210912710
Dragon Diffusion Rosanna woven leather shoulder bag in dark brown,376.00,https://www.asos.com/prd/208409521
Dragon Diffusion Santa Croce small woven leather bag in dark brown,432.00,https://www.asos.com/prd/208481421
Dragon Diffusion Santa Croce big woven leather bag in dark brown,511.00,https://www.asos.com/prd/208409498
JW PEI Zora shoulder bag in deep claret red,160.00,https://www.asos.com/prd/210369553
ARRANGE sequin asymmetric trapeze mini dress in floral print,141.74,https://www.asos.com/prd/207875760
ARRANGE Sydney denim barrel leg jean in 90's light wash blue,84.99,https://www.asos.com/prd/207928977
ARRANGE seam detail heavy weight oversized tshirt in white,44.99,https://www.asos.com/prd/208116918
ARRANGE oversized premium heavy weight t-shirt in white (207434678),32.99,https://www.asos.com/prd/207434678
ARRANGE Edie premium leather ballet flats with chain in off white,43.99,https://www.asos.com/prd/208354642
ARRANGE Curve dripping floral embroidered strong shoulder open back maxi dress in black,119.99,https://www.asos.com/prd/208641782
ARRANGE chunky rib knitted off shoulder jumper in black,80.74,https://www.asos.com/prd/208882010
ARRANGE hybrid woven fringe top in black,54.99,https://www.asos.com/prd/208682125
ARRANGE fringe texture asymmetric maxi skirt in oxblood,135.19,https://www.asos.com/prd/209174319
ARRANGE velvet off shoulder maxi dress with ruched bodice and column skirt in black,228.99,https://www.asos.com/prd/208527476
ARRANGE long sleeve draped satin maxi dress with gold hardware in merlot,161.09,https://www.asos.com/prd/208946669
ARRANGE Curve long sleeve draped satin maxi dress with gold hardware in red,107.39,https://www.asos.com/prd/208920339
COLLUSION XL Baggy panel nylon Jogger,59.99,https://www.asos.com/prd/210502213
ARRANGE premium tailored blazer with cinched waist in burgundy,132.29,https://www.asos.com/prd/209332039
ARRANGE heavy weight seam detail barrel jogger co ord in acid wash,22.99,https://www.asos.com/prd/209895046
ARRANGE boxy seam top with tie back detail in black,45.49,https://www.asos.com/prd/209976073
ARRANGE Curve draped tailored maxi skirt in light grey,42.99,https://www.asos.com/prd/209568728
ARRANGE draped tailored maxi skirt in grey,28.99,https://www.asos.com/prd/209363506
ARRANGE cinched waist blazer dress in red,139.99,https://www.asos.com/prd/209410573
ARRANGE Curve pleat waist tailored wide leg trouser co-ord in charcoal,84.99,https://www.asos.com/prd/210307399
ARRANGE textured bardot maxi dress in red,209.99,https://www.asos.com/prd/209573448
ARRANGE tailored cinched waist blazer in taupe,188.99,https://www.asos.com/prd/209687212
ARRANGE volume sleeve pleated cinched waist top in white,118.99,https://www.asos.com/prd/209949535
ARRANGE Curve structured off the shoulder satin maxi dress in pink,199.99,https://www.asos.com/prd/210227193
ARRANGE high neck shoulder pad pleated waist maxi dress in berry,129.99,https://www.asos.com/prd/209618696
ASOS DESIGN sarong detail fringe co-ord maxi skirt in brown,39.99,https://www.asos.com/prd/210594673
ARRANGE Curve beaded fringe column midi skirt in yellow,139.99,https://www.asos.com/prd/210307252
ARRANGE Curve tie front wrap maxi skirt in white,84.99,https://www.asos.com/prd/210030484
ARRANGE oversized cape square cut cotton shirt in white,108.99,https://www.asos.com/prd/210568154
ARRANGE bubble midi skirt in black,148.99,https://www.asos.com/prd/210472535
ARRANGE crop t-shirt co-ord in bonded satin in black,94.99,https://www.asos.com/prd/210535296
ARRANGE Wylder tailored high waist wide leg trouser in black,108.99,https://www.asos.com/prd/210341902
ARRANGE oversized shirt co-ord in natural stripe,108.99,https://www.asos.com/prd/210805656
ARRANGE flippy short co-ord in natural stripe,54.99,https://www.asos.com/prd/210805634
ARRANGE structured ruched top in ivory,69.99,https://www.asos.com/prd/210750866
ARRANGE Curve volume sleeve pleated cinched waist top in white,118.99,https://www.asos.com/prd/210948765
ARRANGE cotton oversized long sleeve t-shirt in navy,37.99,https://www.asos.com/prd/211244837
ARRANGE oversized premium heavy weight t-shirt in white (211281074),32.99,https://www.asos.com/prd/211281074
Bronx Myr-aa trainers in washed coffee bean and off white,188.99,https://www.asos.com/prd/210824201
Glamorous large woven shoulder tote bag in deep burgundy,43.99,https://www.asos.com/prd/208640365
Glamorous woven knot shoulder bag in dark brown,34.99,https://www.asos.com/prd/210291278
Topshop Alice medium clutch bag in black,39.99,https://www.asos.com/prd/211232342
ASOS DESIGN track playsuit with lace hem in black,74.99,https://www.asos.com/prd/210718349
ASOS DESIGN textured belted shoulder bag in stone,32.99,https://www.asos.com/prd/210184236
Dragon Diffusion Santa Croce small woven leather bag in poppy red,432.00,https://www.asos.com/prd/210025150
JW PEI Ellie top handle clutch bag in dark brown,130.00,https://www.asos.com/prd/210369550
Noughts & Kisses satin high neck extreme drape balloon sleeve playsuit in blush pink,108.99,https://www.asos.com/prd/210987446
ONLY funnel neck faux leather jacket in washed dark brown,94.99,https://www.asos.com/prd/211141988
ASOS DESIGN chiffon slash neck long sleeve blouson mini dress in zebra print,59.99,https://www.asos.com/prd/210554344
ASOS DESIGN printed mesh co-ord maxi skirt with slit in blue floral,33.99,https://www.asos.com/prd/211375884
Topshop lace panel column maxi skirt in white stripe,59.99,https://www.asos.com/prd/210498218
ASOS DESIGN Sadie pleat bust padded underwired balcony swimsuit with pearl detail in black,40.49,https://www.asos.com/prd/209692811
Topshop Cooper square neck swimsuit in chocolate,42.99,https://www.asos.com/prd/209977136
Good American Khloe matte high waist bikini bottom co-ord in black and white tiger print,46.99,https://www.asos.com/prd/210135991
Salomon XT-6 trainers in lava falls and icy pink exclusive to ASOS,180.00,https://www.asos.com/prd/211277094
Topshop dropped waist wrap shirt dress in textured rust,39.99,https://www.asos.com/prd/209113441
ASOS DESIGN cord v neck mini dress with shirred waist in inky blue,47.99,https://www.asos.com/prd/208754630
Public Desire Wide Fit Katy block heel knee boots in burgundy,64.99,https://www.asos.com/prd/209051489
Steve Madden Missile sandals with straps in brown satin and bronze,79.99,https://www.asos.com/prd/209522807
Steve Madden Missile sandal with straps in brown,109.99,https://www.asos.com/prd/211266378
Clarks Torhill Bee shoes in dark brown,145.99,https://www.asos.com/prd/210187780
Topshop Night beaded toe thong heeled sandal in black,74.99,https://www.asos.com/prd/210486034
Revolution Pro Miracle Skincare Headband Leopard Print,6.99,https://www.asos.com/prd/209702022
ASOS DESIGN seamless stirrup legging in black,22.99,https://www.asos.com/prd/210944003
ASOS DESIGN seamless capris with ruched hem detail in black,17.99,https://www.asos.com/prd/211184831
Glamorous woven clutch bag in dark brown,37.99,https://www.asos.com/prd/209013938
Valentino Iride top handle bag with detachable crossbody strap and gold hardware in brown,61.19,https://www.asos.com/prd/208986258
Asics Gel-Kinetic Fluent trainers in grey,95.00,https://www.asos.com/prd/209877652
Asics Gel-Kinetic Fluent trainers in black and Grey,123.50,https://www.asos.com/prd/209877862
ASOS DESIGN volume puff mini dress in lime check print,21.99,https://www.asos.com/prd/210297940
Dr Martens Bethan quad mary jane shoes in black,74.99,https://www.asos.com/prd/203427209
Nike Air Superfly trainers in off white,29.99,https://www.asos.com/prd/209202691
Nike Shox Z trainers in metallic silver,84.99,https://www.asos.com/prd/209703961
Topshop Prince Chainmail oversized clutch bag in gold,17.99,https://www.asos.com/prd/209827984
The Frolic exclusive chiffon ruffle skirt drape front beach mini dress in lemon,58.99,https://www.asos.com/prd/210355002
Urbancode faux leather drop shoulder oversized trench coat in deep burgundy,143.99,https://www.asos.com/prd/209301235
ASOS DESIGN Hema paper touch scarf halter neck swimsuit in chocolate,39.99,https://www.asos.com/prd/209764387
ASOS DESIGN Shelly Azores high leg high waist bikini bottom in shell print,22.99,https://www.asos.com/prd/210676599
ASOS DESIGN Donna plunge neck bikini top with hardware and whipstitch detail in zebra,24.99,https://www.asos.com/prd/210370234
ASOS DESIGN Curve Kyle high leg high waist bikini bottom in olive,22.99,https://www.asos.com/prd/210045448
ASOS DESIGN Hema paper touch scarf halter neck swimsuit in black,39.99,https://www.asos.com/prd/209764351
